,TF,Total_Num_Targets,Num_Targets_DE,p-value,Adj. p-value
0,Spi1,431,7,0.0005802738257552407,0.004642190606041926
